FirstName,LastName,Street,City,State,Postal,Country,Email,Phone,Latitude,Longitude,Categories,PickupAt,TimeZoneId
Brett,Sullivan,2784 Ella Street,San Francisco,CA,94107,US,BrettJSullivan@teleworm.us,650-262-4366,37.728912,-122.324225,45,2016-11-29T16:00:00-08:00,America/Los_Angeles
Fritz,Worden,1660 Hillview Drive,San Francisco,CA,94103,US,FritzLWorden@teleworm.us,707-220-1299,37.764859,-122.36167,23,2016-11-07T10:00:00-08:00,America/Los_Angeles
Carlos,Marsh,3998 Pretty View Lane,San Francisco,CA,94104,US,CarlosKMarsh@einrot.com,707-901-3071,37.817239,-122.447783,55,2016-11-29T17:00:00-08:00,America/Los_Angeles
Judith,Linton,1956 Lindale Avenue,San Francisco,CA,94108,US,JudithCLinton@gustr.com,510-499-5206,37.864287,-122.312867,30,2016-11-15T20:00:00-08:00,America/Los_Angeles
William,Rader,3153 Harrison Street,San Francisco,CA,94143,US,WilliamRRader@jourrapide.com,415-498-0560,37.753641,-122.446069,47,2016-11-21T14:00:00-08:00,America/Los_Angeles
Andrew,Beaver,4562 Beech Street,San Francisco,CA,94107,US,AndrewJBeaver@gustr.com,925-738-4755,37.815331,-122.46073,33,2016-11-06T11:00:00-08:00,America/Los_Angeles
Marcella,Graham,1172 Water Street,San Francisco,CA,94107,US,MarcellaGGraham@rhyta.com,925-282-5536,37.763617,-122.301285,10,2016-11-02T19:00:00-07:00,America/Los_Angeles
Margaret,Short,4267 Meadow Lane,San Francisco,CA,94108,US,MargaretJShort@gustr.com,707-319-1043,37.72528,-122.326556,28,2016-11-28T20:00:00-08:00,America/Los_Angeles
Julia,Horton,4274 Station Street,San Francisco,CA,94104,US,JuliaRHorton@fleckens.hu,510-896-9009,37.874197,-122.498994,60,2016-11-22T11:00:00-08:00,America/Los_Angeles
Dorothy,Robbins,4173 Delaware Avenue,San Francisco,CA,94108,US,DorothyTRobbins@fleckens.hu,415-288-1475,37.759431,-122.459362,0,2016-11-13T12:00:00-08:00,America/Los_Angeles
Michael,Payne,4760 Boring Lane,San Francisco,CA,94122,US,MichaelSPayne@teleworm.us,415-682-7315,37.846456,-122.551788,3,2016-11-25T13:00:00-08:00,America/Los_Angeles
Ines,Pope,2967 Harrison Street,San Francisco,CA,94103,US,InesKPope@rhyta.com,415-556-1539,37.683138,-122.486404,40,2016-11-27T20:00:00-08:00,America/Los_Angeles
Aaron,Washington,3818 Duck Creek Road,San Francisco,CA,94104,US,AaronPWashington@fleckens.hu,650-779-5805,37.755094,-122.391831,41,2016-11-21T10:00:00-08:00,America/Los_Angeles
Doris,Smith,2811 Harrison Street,San Francisco,CA,94103,US,DorisRSmith@dayrep.com,415-581-1387,37.766554,-122.433097,6,2016-11-21T10:00:00-08:00,America/Los_Angeles
Russell,Lavender,515 Ventura Drive,San Francisco,CA,94111,US,RussellDLavender@einrot.com,831-255-0707,37.808747,-122.367998,54,2016-11-10T11:00:00-08:00,America/Los_Angeles
Mary,Painter,2051 Roosevelt Street,San Francisco,CA,94108,US,MaryEPainter@fleckens.hu,415-403-2516,37.836189,-122.399934,23,2016-11-08T18:00:00-08:00,America/Los_Angeles
Wanda,Williams,1611 Roosevelt Street,San Francisco,CA,94107,US,WandaJWilliams@rhyta.com,415-407-0274,37.818573,-122.353783,15,2016-11-18T18:00:00-08:00,America/Los_Angeles
Lara,Barnes,682 Water Street,San Francisco,CA,94124,US,LaraLBarnes@cuvox.de,925-300-5406,37.694346,-122.454961,2,2016-11-13T14:00:00-08:00,America/Los_Angeles
Melvin,Dumont,3156 Rardin Drive,San Francisco,CA,94107,US,MelvinJDumont@teleworm.us,650-628-3063,37.784808,-122.376211,38,2016-11-14T20:00:00-08:00,America/Los_Angeles
Lucas,Cruz,325 Locust View Drive,San Francisco,CA,94108,US,LucasFCruz@teleworm.us,415-912-5367,37.855518,-122.322495,57,2016-11-08T11:00:00-08:00,America/Los_Angeles
Irma,Livingston,4772 Delaware Avenue,San Francisco,CA,94143,US,IrmaPLivingston@fleckens.hu,415-348-4897,37.854896,-122.541774,5,2016-11-13T15:00:00-08:00,America/Los_Angeles
Joseph,Brown,4589 Meadow Lane,San Francisco,CA,94104,US,JosephLBrown@superrito.com,707-267-8353,37.837932,-122.441114,47,2016-11-15T15:00:00-08:00,America/Los_Angeles
Scott,Hansen,3303 Delaware Avenue,San Francisco,CA,94108,US,ScottTHansen@gustr.com,415-272-8312,37.820143,-122.342708,58,2016-11-17T13:00:00-08:00,America/Los_Angeles
Marie,Wells,3571 Lindale Avenue,San Francisco,CA,94108,US,MariePWells@jourrapide.com,510-499-5232,37.760994,-122.36252,11,2016-11-12T10:00:00-08:00,America/Los_Angeles
Steven,Mizell,4847 Boring Lane,San Francisco,CA,94103,US,StevenBMizell@teleworm.us,415-626-7260,37.864888,-122.349569,12,2016-11-27T12:00:00-08:00,America/Los_Angeles
Edward,Eads,2114 Locust View Drive,San Francisco,CA,94110,US,EdwardAEads@fleckens.hu,415-920-4780,37.702757,-122.47237,34,2016-11-13T19:00:00-08:00,America/Los_Angeles
Ester,Valle,102 Delaware Avenue,San Francisco,CA,94107,US,EsterCValle@teleworm.us,415-310-2239,37.860683,-122.435103,45,2016-11-24T12:00:00-08:00,America/Los_Angeles
Robert,Kist,3366 Larry Street,San Francisco,CA,94107,US,RobertJKist@superrito.com,415-228-8458,37.702067,-122.447688,8,2016-11-17T14:00:00-08:00,America/Los_Angeles
Mark,Ruiz,702 Jim Rosa Lane,San Francisco,CA,94143,US,MarkHRuiz@fleckens.hu,415-764-9431,37.847436,-122.474677,0,2016-11-10T11:00:00-08:00,America/Los_Angeles
Stephen,Ladue,1232 Ventura Drive,San Francisco,CA,94107,US,StephenALadue@superrito.com,831-359-5393,37.800185,-122.462074,60,2016-11-25T10:00:00-08:00,America/Los_Angeles
Deana,Mitchell,3343 Pretty View Lane,San Francisco,CA,94107,US,DeanaCMitchell@jourrapide.com,707-927-1547,37.800826,-122.348805,62,2016-11-14T15:00:00-08:00,America/Los_Angeles
Charlie,Jones,4039 Black Oak Hollow Road,San Francisco,CA,94107,US,CharlieTJones@gustr.com,408-717-4330,37.683022,-122.456497,40,2016-11-18T12:00:00-08:00,America/Los_Angeles
Ida,Lyon,445 Jim Rosa Lane,San Francisco,CA,94103,US,IdaLLyon@einrot.com,415-863-2076,37.717917,-122.49406,62,2016-11-26T18:00:00-08:00,America/Los_Angeles
Bonnie,Knapp,2813 Thunder Road,San Francisco,CA,94103,US,BonnieRKnapp@fleckens.hu,650-472-2835,37.868857,-122.357707,8,2016-11-07T20:00:00-08:00,America/Los_Angeles
Edward,Rivera,4852 Lindale Avenue,San Francisco,CA,94107,US,EdwardMRivera@einrot.com,510-493-0984,37.800758,-122.313477,52,2016-11-16T09:00:00-08:00,America/Los_Angeles
Philip,Browne,2428 Duck Creek Road,San Francisco,CA,94104,US,PhilipJBrowne@einrot.com,650-748-7682,37.825599,-122.496756,1,2016-11-08T20:00:00-08:00,America/Los_Angeles
Brenda,Klein,2067 Rardin Drive,San Francisco,CA,94107,US,BrendaJKlein@dayrep.com,650-678-2950,37.79542,-122.474316,42,2016-11-25T12:00:00-08:00,America/Los_Angeles
Antoinette,Ramirez,1657 Ella Street,San Francisco,CA,94107,US,AntoinetteWRamirez@dayrep.com,650-276-2533,37.794857,-122.461714,63,2016-11-13T18:00:00-08:00,America/Los_Angeles
Santos,Houchin,3573 Roosevelt Street,San Francisco,CA,94108,US,SantosGHouchin@gustr.com,415-364-1840,37.825583,-122.502575,43,2016-11-15T18:00:00-08:00,America/Los_Angeles
Debra,Kellam,1727 Thunder Road,San Francisco,CA,94111,US,DebraSKellam@gustr.com,650-545-5488,37.822699,-122.361942,45,2016-11-20T11:00:00-08:00,America/Los_Angeles
Donald,Nguyen,2122 Locust View Drive,San Francisco,CA,94143,US,DonaldMNguyen@jourrapide.com,415-979-6202,37.837139,-122.48346,18,2016-11-14T11:00:00-08:00,America/Los_Angeles
Terry,McCall,2696 Harrison Street,San Francisco,CA,94143,US,TerryAMcCall@dayrep.com,415-478-2303,37.750105,-122.528704,16,2016-11-12T12:00:00-08:00,America/Los_Angeles
Roger,Nielson,3962 Lynch Street,San Francisco,CA,94103,US,RogerMNielson@einrot.com,925-217-3613,37.730511,-122.372668,61,2016-11-21T13:00:00-08:00,America/Los_Angeles
Paula,Miller,4253 Harrison Street,San Francisco,CA,94107,US,PaulaPMiller@rhyta.com,415-483-7310,37.823068,-122.350378,45,2016-11-01T15:00:00-07:00,America/Los_Angeles
Elijah,Fugate,2388 Harrison Street,San Francisco,CA,94124,US,ElijahSFugate@jourrapide.com,415-508-0783,37.803633,-122.288551,25,2016-11-11T09:00:00-08:00,America/Los_Angeles
Joseph,Knight,49 Larry Street,San Francisco,CA,94107,US,JosephJKnight@fleckens.hu,415-228-0159,37.767707,-122.317691,57,2016-11-29T19:00:00-08:00,America/Los_Angeles
Stephanie,Miller,2852 Sycamore Street,San Francisco,CA,94103,US,StephanieJMiller@cuvox.de,408-850-2602,37.717925,-122.504889,57,2016-11-14T12:00:00-08:00,America/Los_Angeles
Kristi,Depalma,493 Ella Street,San Francisco,CA,94143,US,KristiRDepalma@einrot.com,650-260-3103,37.829915,-122.495663,48,2016-11-10T17:00:00-08:00,America/Los_Angeles
Thomas,Miller,1390 Roosevelt Street,San Francisco,CA,94107,US,ThomasYMiller@armyspy.com,415-424-3348,37.707669,-122.296922,15,2016-11-19T12:00:00-08:00,America/Los_Angeles
Paul,Nelson,4421 Wolf Pen Road,San Francisco,CA,94107,US,PaulCNelson@fleckens.hu,650-426-6337,37.86636,-122.311271,24,2016-11-12T08:00:00-08:00,America/Los_Angeles
Allan,Cummings,366 Jim Rosa Lane,San Francisco,CA,94143,US,AllanKCummings@rhyta.com,415-778-5222,37.663705,-122.447348,8,2016-11-28T11:00:00-08:00,America/Los_Angeles
Porsche,Jackson,972 Meadow Lane,San Francisco,CA,94124,US,PorscheDJackson@einrot.com,707-404-1425,37.686027,-122.388706,30,2016-11-10T12:00:00-08:00,America/Los_Angeles
Alex,Fondren,491 Delaware Avenue,San Francisco,CA,94108,US,AlexJFondren@gustr.com,415-248-3427,37.828346,-122.31833,63,2016-11-23T15:00:00-08:00,America/Los_Angeles
Denise,Christensen,2683 Ella Street,San Francisco,CA,94107,US,DeniseBChristensen@teleworm.us,650-291-9975,37.848572,-122.440463,45,2016-11-13T15:00:00-08:00,America/Los_Angeles
Maria,Williams,372 Roosevelt Street,San Francisco,CA,94143,US,MariaDWilliams@gustr.com,415-396-6915,37.805257,-122.377007,27,2016-11-26T17:00:00-08:00,America/Los_Angeles
Jimmy,Kilmer,1598 Harrison Street,San Francisco,CA,94107,US,JimmyRKilmer@rhyta.com,415-592-6317,37.746872,-122.383654,20,2016-11-04T16:00:00-07:00,America/Los_Angeles
Efrain,Russell,288 Cemetery Street,San Francisco,CA,94104,US,EfrainLRussell@einrot.com,831-740-1513,37.762025,-122.444444,63,2016-11-05T14:00:00-07:00,America/Los_Angeles
Vicky,Heffner,1018 Wolf Pen Road,San Francisco,CA,94107,US,VickyHHeffner@gustr.com,650-389-2813,37.825967,-122.358519,43,2016-11-26T09:00:00-08:00,America/Los_Angeles
Edwin,Goodson,1074 Boring Lane,San Francisco,CA,94107,US,EdwinTGoodson@gustr.com,415-652-6109,37.747425,-122.414751,27,2016-11-25T14:00:00-08:00,America/Los_Angeles
James,Whitehouse,4254 Roosevelt Street,San Francisco,CA,94143,US,JamesNWhitehouse@fleckens.hu,415-371-7474,37.748505,-122.557366,22,2016-11-09T13:00:00-08:00,America/Los_Angeles
Hershel,Harrison,2691 Wolf Pen Road,San Francisco,CA,94107,US,HershelPHarrison@dayrep.com,650-393-5952,37.858684,-122.321621,41,2016-11-04T09:00:00-07:00,America/Los_Angeles
Tara,O'Donnell,3773 Station Street,San Francisco,CA,94107,US,TaraSODonnell@teleworm.us,510-978-2726,37.851721,-122.395763,56,2016-11-04T20:00:00-07:00,America/Los_Angeles
Olin,Norfleet,3024 Jim Rosa Lane,San Francisco,CA,94104,US,OlinGNorfleet@gustr.com,415-779-9580,37.788089,-122.34337,27,2016-11-10T16:00:00-08:00,America/Los_Angeles
Jennie,White,2529 Locust View Drive,San Francisco,CA,94107,US,JennieMWhite@teleworm.us,415-968-6298,37.770045,-122.426506,11,2016-11-16T15:00:00-08:00,America/Los_Angeles
Rebecca,Hicks,36 Park Street,San Francisco,CA,94103,US,RebeccaHHicks@gustr.com,925-459-8491,37.728821,-122.411405,54,2016-11-30T18:00:00-08:00,America/Los_Angeles
Kevin,Albro,1777 Boring Lane,San Francisco,CA,94108,US,KevinVAlbro@cuvox.de,415-627-3367,37.86515,-122.429038,15,2016-11-24T09:00:00-08:00,America/Los_Angeles
George,Hodo,3890 Rardin Drive,San Francisco,CA,94107,US,GeorgeMHodo@rhyta.com,650-648-8808,37.860806,-122.345483,53,2016-11-08T18:00:00-08:00,America/Los_Angeles
Samantha,Blum,4014 Jim Rosa Lane,San Francisco,CA,94110,US,SamanthaDBlum@superrito.com,415-821-3594,37.7728,-122.503416,22,2016-11-26T10:00:00-08:00,America/Los_Angeles
Ignacio,Rigdon,2242 Wolf Pen Road,San Francisco,CA,94107,US,IgnacioWRigdon@einrot.com,650-391-4816,37.689101,-122.394869,36,2016-11-20T20:00:00-08:00,America/Los_Angeles
Cathy,Bissonnette,1208 Jim Rosa Lane,San Francisco,CA,94110,US,CathyBBissonnette@gustr.com,415-824-0853,37.733212,-122.348376,49,2016-11-10T19:00:00-08:00,America/Los_Angeles
Anna,Shapiro,4661 Roosevelt Street,San Francisco,CA,94143,US,AnnaDShapiro@teleworm.us,415-369-1837,37.829979,-122.539371,59,2016-11-14T12:00:00-08:00,America/Los_Angeles
John,Price,598 Roosevelt Street,San Francisco,CA,94108,US,JohnSPrice@jourrapide.com,415-439-3732,37.715654,-122.499633,26,2016-11-26T13:00:00-08:00,America/Los_Angeles
Bryan,Young,1517 Thunder Road,San Francisco,CA,94107,US,BryanFYoung@teleworm.us,650-466-8662,37.704139,-122.331903,13,2016-11-08T13:00:00-08:00,America/Los_Angeles
Francisco,Parrish,348 Ella Street,San Francisco,CA,94107,US,FranciscoJParrish@gustr.com,650-207-2651,37.769927,-122.463357,16,2016-11-04T20:00:00-07:00,America/Los_Angeles
Jennifer,Soto,319 Harrison Street,San Francisco,CA,94108,US,JenniferDSoto@armyspy.com,415-576-1358,37.816769,-122.444828,30,2016-11-27T10:00:00-08:00,America/Los_Angeles
Rachel,Hines,355 Harrison Street,San Francisco,CA,94143,US,RachelGHines@jourrapide.com,415-543-2713,37.686084,-122.506509,1,2016-11-24T16:00:00-08:00,America/Los_Angeles
Megan,Boykin,2681 Rardin Drive,San Francisco,CA,94143,US,MeganDBoykin@dayrep.com,650-682-0702,37.782194,-122.408219,63,2016-11-12T13:00:00-08:00,America/Los_Angeles
Nathan,Garcia,1257 Delaware Avenue,San Francisco,CA,94143,US,NathanEGarcia@dayrep.com,415-278-5528,37.830154,-122.536563,16,2016-11-14T18:00:00-08:00,America/Los_Angeles
Daniel,Hill,1255 Meadow Lane,San Francisco,CA,94103,US,DanielLHill@dayrep.com,707-276-7834,37.86278,-122.378275,63,2016-11-26T19:00:00-08:00,America/Los_Angeles
Pamela,Howard,3840 Black Oak Hollow Road,San Francisco,CA,94104,US,PamelaJHoward@rhyta.com,408-827-5832,37.869696,-122.461354,24,2016-11-21T17:00:00-08:00,America/Los_Angeles
Allison,Huffman,2191 Station Street,San Francisco,CA,94104,US,AllisonGHuffman@gustr.com,510-921-6130,37.823587,-122.449778,59,2016-11-10T11:00:00-08:00,America/Los_Angeles
Karrie,Rush,4237 Jim Rosa Lane,San Francisco,CA,94104,US,KarrieWRush@dayrep.com,415-779-0400,37.816399,-122.311584,0,2016-11-26T09:00:00-08:00,America/Los_Angeles
Shirley,Thomas,4598 Clifford Street,San Francisco,CA,94124,US,ShirleyCThomas@rhyta.com,510-686-4198,37.726583,-122.449061,27,2016-11-07T15:00:00-08:00,America/Los_Angeles
Jack,Harms,3433 Black Oak Hollow Road,San Francisco,CA,94108,US,JackBHarms@einrot.com,408-807-4097,37.830799,-122.382419,39,2016-11-22T16:00:00-08:00,America/Los_Angeles
Carrie,Tolbert,1878 Thunder Road,San Francisco,CA,94108,US,CarrieJTolbert@einrot.com,650-455-2148,37.761,-122.44903,8,2016-11-12T19:00:00-08:00,America/Los_Angeles
Christia,Stringer,3288 Station Street,San Francisco,CA,94103,US,ChristiaWStringer@cuvox.de,510-903-7842,37.685811,-122.389324,42,2016-11-03T20:00:00-07:00,America/Los_Angeles
Steven,Fine,4297 Hillview Drive,San Francisco,CA,94103,US,StevenPFine@armyspy.com,707-204-1787,37.846843,-122.486325,49,2016-11-22T19:00:00-08:00,America/Los_Angeles
Randall,Sprouse,3208 Park Street,San Francisco,CA,94104,US,RandallNSprouse@jourrapide.com,925-470-5368,37.761829,-122.445762,34,2016-11-07T17:00:00-08:00,America/Los_Angeles
David,Hunter,1095 Friendship Lane,San Francisco,CA,94108,US,DavidTHunter@superrito.com,408-607-9406,37.712983,-122.477492,46,2016-11-04T15:00:00-07:00,America/Los_Angeles
Jason,Libbey,3620 Boring Lane,San Francisco,CA,94103,US,JasonMLibbey@cuvox.de,415-703-5104,37.870487,-122.348385,47,2016-11-27T11:00:00-08:00,America/Los_Angeles
Stephanie,Henton,279 Harrison Street,San Francisco,CA,94143,US,StephanieDHenton@dayrep.com,415-505-7397,37.757867,-122.433162,57,2016-11-20T11:00:00-08:00,America/Los_Angeles
Beverly,Turner,1570 Harrison Street,San Francisco,CA,94143,US,BeverlyGTurner@jourrapide.com,415-577-2220,37.824475,-122.486568,56,2016-11-22T20:00:00-08:00,America/Los_Angeles
Kevin,Douglas,4714 Rardin Drive,San Francisco,CA,94107,US,KevinMDouglas@cuvox.de,650-636-5307,37.751737,-122.438847,34,2016-11-08T08:00:00-08:00,America/Los_Angeles
Barbara,Jefferson,4296 Ella Street,San Francisco,CA,94107,US,BarbaraHJefferson@einrot.com,650-297-5537,37.756054,-122.443339,51,2016-11-19T20:00:00-08:00,America/Los_Angeles
Anthony,Stevenson,4587 Wolf Pen Road,San Francisco,CA,94107,US,AnthonyMStevenson@gustr.com,650-362-9068,37.854813,-122.308581,8,2016-11-19T12:00:00-08:00,America/Los_Angeles
Matthew,Byron,1260 Harrison Street,San Francisco,CA,94103,US,MatthewAByron@cuvox.de,415-551-9048,37.858398,-122.355141,20,2016-11-13T16:00:00-08:00,America/Los_Angeles
Ruth,Spearman,3403 Clifford Street,San Francisco,CA,94107,US,RuthRSpearman@teleworm.us,510-621-3420,37.864056,-122.373149,38,2016-11-13T20:00:00-08:00,America/Los_Angeles
Edward,Nelson,419 Station Street,San Francisco,CA,94104,US,EdwardPNelson@gustr.com,510-879-1407,37.692348,-122.395686,4,2016-11-03T12:00:00-07:00,America/Los_Angeles
Jose,Skaggs,2454 Davis Avenue,San Francisco,CA,94103,US,JoseDSkaggs@einrot.com,707-780-9700,37.724435,-122.337374,10,2016-11-12T11:00:00-08:00,America/Los_Angeles
Catherine,Parker,543 Harrison Street,San Francisco,CA,94143,US,CatherineJParker@jourrapide.com,415-577-4220,37.84082,-122.417289,32,2016-11-08T11:00:00-08:00,America/Los_Angeles
Debra,Holt,1672 Driftwood Road,San Francisco,CA,94108,US,DebraEHolt@dayrep.com,408-348-5551,37.755209,-122.344872,3,2016-11-05T09:00:00-07:00,America/Los_Angeles
Bruce,Griffin,1973 Wayside Lane,San Francisco,CA,94108,US,BruceKGriffin@armyspy.com,510-333-5126,37.864272,-122.313871,3,2016-11-20T11:00:00-08:00,America/Los_Angeles
Kelly,Johnson,3916 Jim Rosa Lane,San Francisco,CA,94108,US,KellyWJohnson@superrito.com,415-794-2453,37.803443,-122.365715,7,2016-11-18T15:00:00-08:00,America/Los_Angeles
Aaron,Jenkins,1299 Hillview Drive,San Francisco,CA,94107,US,AaronMJenkins@cuvox.de,707-225-3141,37.779025,-122.44537,58,2016-11-02T11:00:00-07:00,America/Los_Angeles
Tara,Ohanlon,693 Lindale Avenue,San Francisco,CA,94107,US,TaraJOhanlon@teleworm.us,510-584-9332,37.795345,-122.426673,39,2016-11-24T18:00:00-08:00,America/Los_Angeles
Diane,Blackston,4881 Cemetery Street,San Francisco,CA,94104,US,DianeRBlackston@einrot.com,831-740-0151,37.814712,-122.44174,1,2016-11-22T09:00:00-08:00,America/Los_Angeles
Candace,Page,4164 Ventura Drive,San Francisco,CA,94103,US,CandaceCPage@jourrapide.com,831-401-7957,37.756447,-122.406669,37,2016-11-15T08:00:00-08:00,America/Los_Angeles
Ozell,Milburn,347 Meadow Lane,San Francisco,CA,94108,US,OzellBMilburn@fleckens.hu,707-365-8445,37.764072,-122.432356,48,2016-11-11T17:00:00-08:00,America/Los_Angeles
William,Borba,1755 Pretty View Lane,San Francisco,CA,94103,US,WilliamMBorba@dayrep.com,707-872-9955,37.804508,-122.396152,57,2016-11-21T11:00:00-08:00,America/Los_Angeles
Allen,Blevins,4776 Lindale Avenue,San Francisco,CA,94105,US,AllenJBlevins@cuvox.de,510-485-2519,37.805539,-122.442821,37,2016-11-27T13:00:00-08:00,America/Los_Angeles
Jeffrey,Campbell,3716 Rardin Drive,San Francisco,CA,94104,US,JeffreyLCampbell@jourrapide.com,650-735-4679,37.844905,-122.336728,11,2016-11-10T17:00:00-08:00,America/Los_Angeles
Frank,Smith,2303 Duck Creek Road,San Francisco,CA,94104,US,FrankJSmith@einrot.com,650-801-4685,37.721771,-122.420567,36,2016-11-03T19:00:00-07:00,America/Los_Angeles
Andre,Reinert,4650 Lynch Street,San Francisco,CA,94103,US,AndreSReinert@teleworm.us,925-215-7348,37.813454,-122.430879,52,2016-11-18T16:00:00-08:00,America/Los_Angeles
Venessa,Miller,1665 Emily Renzelli Boulevard,San Francisco,CA,94143,US,VenessaGMiller@superrito.com,831-572-7039,37.814609,-122.370787,7,2016-11-14T14:00:00-08:00,America/Los_Angeles
Mary,Kunkle,2114 Harrison Street,San Francisco,CA,94115,US,MaryJKunkle@cuvox.de,415-563-6969,37.828791,-122.458983,57,2016-11-10T13:00:00-08:00,America/Los_Angeles
Sarah,Lawton,4629 Jim Rosa Lane,San Francisco,CA,94112,US,SarahBLawton@rhyta.com,415-841-5612,37.801535,-122.444824,40,2016-11-12T14:00:00-08:00,America/Los_Angeles
Devin,Greene,4752 Boring Lane,San Francisco,CA,94115,US,DevinDGreene@superrito.com,415-674-3293,37.71378,-122.387748,13,2016-11-04T13:00:00-07:00,America/Los_Angeles
Daniel,Williams,1494 Delaware Avenue,San Francisco,CA,94124,US,DanielAWilliams@cuvox.de,415-330-4421,37.73425,-122.425709,55,2016-11-28T15:00:00-08:00,America/Los_Angeles
Steven,Thompson,731 Park Street,San Francisco,CA,94107,US,StevenJThompson@cuvox.de,925-374-4005,37.775616,-122.350601,18,2016-11-26T19:00:00-08:00,America/Los_Angeles
Jake,Pete,3507 Delaware Avenue,San Francisco,CA,94124,US,JakeKPete@einrot.com,415-341-8461,37.715055,-122.338689,51,2016-11-24T17:00:00-08:00,America/Los_Angeles
Chris,Christensen,2740 Delaware Avenue,San Francisco,CA,94107,US,ChrisAChristensen@rhyta.com,415-233-6945,37.753961,-122.412707,18,2016-11-08T16:00:00-08:00,America/Los_Angeles
Andrew,Lynch,2207 Alexander Avenue,San Francisco,CA,94107,US,AndrewDLynch@einrot.com,925-626-6810,37.740252,-122.368081,23,2016-11-27T08:00:00-08:00,America/Los_Angeles
Vincent,Saltsman,3619 Boring Lane,San Francisco,CA,94143,US,VincentCSaltsman@gustr.com,415-644-9191,37.675264,-122.449941,49,2016-11-24T08:00:00-08:00,America/Los_Angeles
Victor,Summey,3946 Jim Rosa Lane,San Francisco,CA,94107,US,VictorESummey@rhyta.com,415-762-1093,37.791318,-122.339064,63,2016-11-07T09:00:00-08:00,America/Los_Angeles
Gary,Kim,932 Locust View Drive,San Francisco,CA,94108,US,GaryCKim@einrot.com,415-955-4432,37.763379,-122.346752,36,2016-11-23T15:00:00-08:00,America/Los_Angeles
Ricky,Loy,1798 Black Oak Hollow Road,San Francisco,CA,94107,US,RickyGLoy@fleckens.hu,408-717-3201,37.71771,-122.329901,16,2016-11-04T12:00:00-07:00,America/Los_Angeles
Robert,Obrien,1707 Station Street,San Francisco,CA,94103,US,RobertXObrien@jourrapide.com,510-870-0988,37.855591,-122.400299,42,2016-11-10T12:00:00-08:00,America/Los_Angeles
Lynn,Alford,2013 Park Street,San Francisco,CA,94104,US,LynnEAlford@cuvox.de,925-399-9829,37.765096,-122.495044,12,2016-11-12T15:00:00-08:00,America/Los_Angeles
Dallas,Pitcock,4773 Duck Creek Road,San Francisco,CA,94107,US,DallasVPitcock@gustr.com,650-793-9128,37.785582,-122.420857,16,2016-11-18T08:00:00-08:00,America/Los_Angeles
Stephen,Schwartz,4732 Roosevelt Street,San Francisco,CA,94107,US,StephenWSchwartz@gustr.com,415-418-2265,37.801607,-122.47332,29,2016-11-01T12:00:00-07:00,America/Los_Angeles
Richard,Hunt,3065 Driftwood Road,San Francisco,CA,94107,US,RichardMHunt@einrot.com,408-340-8693,37.751971,-122.343409,4,2016-11-13T08:00:00-08:00,America/Los_Angeles
Elizabeth,Davis,2110 Wolf Pen Road,San Francisco,CA,94107,US,ElizabethADavis@jourrapide.com,650-380-8854,37.725339,-122.361651,16,2016-11-22T16:00:00-08:00,America/Los_Angeles
Tommy,Thompson,2914 Delaware Avenue,San Francisco,CA,94107,US,TommyBThompson@einrot.com,415-271-9316,37.688543,-122.413309,43,2016-11-01T11:00:00-07:00,America/Los_Angeles
Ann,Koester,805 Jim Rosa Lane,San Francisco,CA,94143,US,AnnNKoester@einrot.com,415-817-3921,37.685977,-122.374211,62,2016-11-11T11:00:00-08:00,America/Los_Angeles
Kimberly,Cole,4728 Pretty View Lane,San Francisco,CA,94104,US,KimberlyCCole@teleworm.us,707-901-6209,37.697997,-122.356896,28,2016-11-20T08:00:00-08:00,America/Los_Angeles
Kim,Vesey,2618 Jim Rosa Lane,San Francisco,CA,94108,US,KimPVesey@fleckens.hu,415-788-3856,37.873022,-122.467425,40,2016-11-22T18:00:00-08:00,America/Los_Angeles
Jeannette,Morse,4579 Boring Lane,San Francisco,CA,94110,US,JeannetteHMorse@gustr.com,415-643-0492,37.649776,-122.412998,21,2016-11-08T18:00:00-08:00,America/Los_Angeles
John,Cain,1563 Delaware Avenue,San Francisco,CA,94110,US,JohnECain@fleckens.hu,415-282-2119,37.758493,-122.401165,13,2016-11-24T10:00:00-08:00,America/Los_Angeles
Rick,Jones,4769 Clifford Street,San Francisco,CA,94124,US,RickFJones@cuvox.de,510-686-4721,37.685862,-122.383947,58,2016-11-11T19:00:00-08:00,America/Los_Angeles
Floyd,Correa,3898 Harrison Street,San Francisco,CA,94143,US,FloydOCorrea@gustr.com,415-512-9736,37.720393,-122.446272,36,2016-11-21T11:00:00-08:00,America/Los_Angeles
Jaime,Archey,1411 Jim Rosa Lane,San Francisco,CA,94118,US,JaimeAArchey@armyspy.com,415-752-9466,37.748954,-122.503438,19,2016-11-03T18:00:00-07:00,America/Los_Angeles
John,Jimenez,4449 Roosevelt Street,San Francisco,CA,94107,US,JohnAJimenez@fleckens.hu,415-360-3483,37.704975,-122.391661,52,2016-11-19T12:00:00-08:00,America/Los_Angeles
Lynn,Mayorga,3783 Lindale Avenue,San Francisco,CA,94104,US,LynnHMayorga@teleworm.us,510-491-8311,37.723424,-122.327712,1,2016-11-14T08:00:00-08:00,America/Los_Angeles
Nick,Howard,3952 Delaware Avenue,San Francisco,CA,94104,US,NickSHoward@gustr.com,415-236-3552,37.728791,-122.479851,1,2016-11-17T09:00:00-08:00,America/Los_Angeles
Sharon,Kellett,4032 Roosevelt Street,San Francisco,CA,94107,US,SharonPKellett@superrito.com,415-466-3367,37.69364,-122.307818,38,2016-11-04T17:00:00-07:00,America/Los_Angeles
Darius,Aycock,1720 Harrison Street,San Francisco,CA,94115,US,DariusJAycock@rhyta.com,415-561-1827,37.79657,-122.405808,10,2016-11-01T20:00:00-07:00,America/Los_Angeles
Crystal,Parker,1036 Jim Rosa Lane,San Francisco,CA,94115,US,CrystalRParker@gustr.com,415-749-5498,37.730252,-122.533527,9,2016-11-03T15:00:00-07:00,America/Los_Angeles
Raymond,Bennington,3438 Station Street,San Francisco,CA,94104,US,RaymondCBennington@armyspy.com,510-897-1978,37.798963,-122.393269,1,2016-11-30T10:00:00-08:00,America/Los_Angeles
Louis,Smith,4425 Locust View Drive,San Francisco,CA,94143,US,LouisKSmith@gustr.com,415-978-4582,37.807955,-122.419078,38,2016-11-02T15:00:00-07:00,America/Los_Angeles
Lessie,Whitlock,3148 Harrison Street,San Francisco,CA,94122,US,LessieJWhitlock@fleckens.hu,415-502-4054,37.75647,-122.531622,58,2016-11-12T20:00:00-08:00,America/Los_Angeles
Dawn,Russell,2879 Wayside Lane,San Francisco,CA,94108,US,DawnSRussell@superrito.com,510-333-0105,37.724932,-122.315605,62,2016-11-01T14:00:00-07:00,America/Los_Angeles
Carroll,Keys,3529 Friendship Lane,San Francisco,CA,94104,US,CarrollRKeys@superrito.com,408-564-8129,37.885052,-122.457943,21,2016-11-24T20:00:00-08:00,America/Los_Angeles
Candice,Manning,231 Thunder Road,San Francisco,CA,94143,US,CandiceJManning@dayrep.com,650-478-8428,37.801985,-122.383507,37,2016-11-06T10:00:00-08:00,America/Los_Angeles
Michael,Lucas,4957 Delaware Avenue,San Francisco,CA,94107,US,MichaelSLucas@gustr.com,415-275-2388,37.788115,-122.375641,54,2016-11-27T19:00:00-08:00,America/Los_Angeles
Dorothy,Gray,1164 Cemetery Street,San Francisco,CA,94108,US,DorothyJGray@dayrep.com,831-840-4093,37.720741,-122.331787,1,2016-11-27T17:00:00-08:00,America/Los_Angeles
Dennis,Ramos,1231 Boring Lane,San Francisco,CA,94108,US,DennisTRamos@fleckens.hu,415-705-3377,37.725789,-122.463445,5,2016-11-12T19:00:00-08:00,America/Los_Angeles
Stephen,Dollar,4856 Wolf Pen Road,San Francisco,CA,94107,US,StephenBDollar@jourrapide.com,650-426-0735,37.863112,-122.445819,30,2016-11-18T19:00:00-08:00,America/Los_Angeles
Amy,West,2826 Alexander Avenue,San Francisco,CA,94108,US,AmyEWest@fleckens.hu,925-549-0387,37.814424,-122.372089,41,2016-11-22T12:00:00-08:00,America/Los_Angeles
Frank,McCoy,1251 Water Street,San Francisco,CA,94107,US,FrankMMcCoy@jourrapide.com,925-359-2949,37.789819,-122.392289,60,2016-11-10T11:00:00-08:00,America/Los_Angeles
Lois,Allen,4086 Wolf Pen Road,San Francisco,CA,94107,US,LoisJAllen@jourrapide.com,650-392-5240,37.796687,-122.341701,14,2016-11-13T14:00:00-08:00,America/Los_Angeles
Hazel,Preston,4360 Roosevelt Street,San Francisco,CA,94108,US,HazelHPreston@jourrapide.com,415-420-4447,37.742265,-122.479316,62,2016-11-06T10:00:00-08:00,America/Los_Angeles
Mollie,McBee,1998 Harrison Street,San Francisco,CA,94103,US,MollieWMcBee@rhyta.com,415-487-3386,37.743726,-122.407823,41,2016-11-07T15:00:00-08:00,America/Los_Angeles
Pat,Andrade,4012 Pretty View Lane,San Francisco,CA,94103,US,PatAAndrade@fleckens.hu,707-929-6765,37.825326,-122.474224,52,2016-11-05T14:00:00-07:00,America/Los_Angeles
Rosa,Kautz,4544 Wayside Lane,San Francisco,CA,94108,US,RosaDKautz@jourrapide.com,510-331-3686,37.812949,-122.346028,15,2016-11-05T16:00:00-07:00,America/Los_Angeles
Lucas,Williams,4359 Beech Street,San Francisco,CA,94107,US,LucasBWilliams@rhyta.com,925-856-1005,37.718668,-122.408218,60,2016-11-27T19:00:00-08:00,America/Los_Angeles
Robert,Eley,4214 Park Street,San Francisco,CA,94124,US,RobertLEley@superrito.com,925-500-5913,37.821236,-122.284022,34,2016-11-08T13:00:00-08:00,America/Los_Angeles
Jesus,Fuqua,692 Meadow Lane,San Francisco,CA,94108,US,JesusKFuqua@teleworm.us,707-318-8239,37.816043,-122.32451,2,2016-11-20T14:00:00-08:00,America/Los_Angeles
Leticia,Barnett,4526 Harrison Street,San Francisco,CA,94107,US,LeticiaDBarnett@jourrapide.com,415-496-1769,37.764093,-122.315984,26,2016-11-25T10:00:00-08:00,America/Los_Angeles
Joe,Peele,2905 Delaware Avenue,San Francisco,CA,94108,US,JoeFPeele@jourrapide.com,415-288-8891,37.80068,-122.459801,11,2016-11-10T13:00:00-08:00,America/Los_Angeles
Ella,Murphy,2536 Ella Street,San Francisco,CA,94107,US,EllaJMurphy@superrito.com,650-242-2856,37.734371,-122.4157,23,2016-11-19T18:00:00-08:00,America/Los_Angeles
Margaret,Redding,2631 Jim Rosa Lane,San Francisco,CA,94104,US,MargaretMRedding@armyspy.com,415-763-9722,37.747669,-122.422617,18,2016-11-22T11:00:00-08:00,America/Los_Angeles
Billie,Murdock,4232 Harrison Street,San Francisco,CA,94107,US,BillieMMurdock@superrito.com,415-517-8165,37.740508,-122.493246,29,2016-11-12T15:00:00-08:00,America/Los_Angeles
Paul,Jones,36 Rardin Drive,San Francisco,CA,94107,US,PaulGJones@dayrep.com,650-636-7677,37.716292,-122.473244,61,2016-11-06T08:00:00-08:00,America/Los_Angeles
Sara,Tobar,1801 Roosevelt Street,San Francisco,CA,94143,US,SaraWTobar@rhyta.com,415-357-3472,37.826201,-122.369613,23,2016-11-20T20:00:00-08:00,America/Los_Angeles
Tammy,Banfield,2367 Boring Lane,San Francisco,CA,94103,US,TammyJBanfield@jourrapide.com,415-723-8454,37.777329,-122.337638,31,2016-11-13T16:00:00-08:00,America/Los_Angeles
Nicole,Colon,3105 Locust View Drive,San Francisco,CA,94118,US,NicoleCColon@jourrapide.com,415-876-4014,37.751895,-122.434145,22,2016-11-04T14:00:00-07:00,America/Los_Angeles
Robert,Hill,4944 Delaware Avenue,San Francisco,CA,94108,US,RobertOHill@jourrapide.com,415-260-7025,37.87493,-122.493354,15,2016-11-22T12:00:00-08:00,America/Los_Angeles
Jeremy,Whitehead,3853 Harrison Street,San Francisco,CA,94122,US,JeremyFWhitehead@dayrep.com,415-476-4487,37.836381,-122.510329,25,2016-11-12T08:00:00-08:00,America/Los_Angeles
Kathryn,Matos,4645 Wolf Pen Road,San Francisco,CA,94107,US,KathrynEMatos@armyspy.com,650-412-3344,37.782684,-122.485858,29,2016-11-12T10:00:00-08:00,America/Los_Angeles
Lillian,Splawn,4268 Ella Street,San Francisco,CA,94107,US,LillianBSplawn@fleckens.hu,650-297-1472,37.731648,-122.482254,15,2016-11-09T16:00:00-08:00,America/Los_Angeles
Berneice,Wright,2164 Ella Street,San Francisco,CA,94107,US,BerneiceDWright@fleckens.hu,650-288-4514,37.697924,-122.45927,3,2016-11-11T15:00:00-08:00,America/Los_Angeles
Alex,Kaplan,1386 Duck Creek Road,San Francisco,CA,94104,US,AlexHKaplan@teleworm.us,650-801-8935,37.697702,-122.486385,22,2016-11-14T15:00:00-08:00,America/Los_Angeles
Reggie,Ealey,3951 Duck Creek Road,San Francisco,CA,94103,US,ReggieJEaley@teleworm.us,650-860-7486,37.733093,-122.449617,48,2016-11-26T10:00:00-08:00,America/Los_Angeles
David,Long,4215 Alexander Avenue,San Francisco,CA,94111,US,DavidMLong@jourrapide.com,925-571-0864,37.854003,-122.322013,53,2016-11-24T11:00:00-08:00,America/Los_Angeles
James,Molina,1572 Roosevelt Street,San Francisco,CA,94105,US,JamesKMolina@teleworm.us,415-408-6017,37.815457,-122.353407,57,2016-11-04T13:00:00-07:00,America/Los_Angeles
Elinor,Velarde,2689 Lynch Street,San Francisco,CA,94107,US,ElinorJVelarde@fleckens.hu,925-223-1001,37.862696,-122.406821,56,2016-11-07T16:00:00-08:00,America/Los_Angeles
Dora,Peters,442 Roosevelt Street,San Francisco,CA,94108,US,DoraRPeters@superrito.com,415-394-0416,37.890576,-122.361574,48,2016-11-05T17:00:00-07:00,America/Los_Angeles
Mary,Walsh,3002 Meadow Lane,San Francisco,CA,94104,US,MaryTWalsh@superrito.com,707-267-4594,37.772345,-122.42811,50,2016-11-21T14:00:00-08:00,America/Los_Angeles
Randall,Hensley,3831 Boring Lane,San Francisco,CA,94110,US,RandallDHensley@cuvox.de,415-643-0587,37.749497,-122.387057,9,2016-11-27T09:00:00-08:00,America/Los_Angeles
Patricia,Reich,2170 Locust View Drive,San Francisco,CA,94115,US,PatriciaAReich@armyspy.com,415-921-5623,37.730494,-122.371925,20,2016-11-10T09:00:00-08:00,America/Los_Angeles
